<?xml version="1.0" encoding="utf-8"?>
<extension type="module" client="site" method="upgrade" version="2.5">
	<name>Simple Email Form Calendar</name> 
	<author>Ivan Del Mastro</author> 
	<creationDate>2014-11-29</creationDate>
	<copyright>All rights reserved by adventure2italy.com (c) 2014</copyright> 
	<license>GNU General Public License version 2 - MIT </license>
	<authorEmail>info@adventure2italy.com</authorEmail> 
	<authorUrl>www.adventure2italy.com</authorUrl> 
	<version>1.0.0</version> 
	<description><![CDATA[ 
	A simple email form from unlikelysource.com with up to 10 fields. 
	<br />Version 1.0.0 -- works on Joomla! 3.x
	<br />REQUIRES a web server running at a minimum PHP 5.1!!!
	<br />TO LOAD IN AN ARTICLE (most common): 
	<ul><li>In the Details box, modify Position to user99 (or whatever).  </li>
	<li>In your target article, add this line: {loadposition user99}.</li>
	<li>Make sure Extensions - Plugin Manager - Content - Load Module is active.</li>
	</ul>]]>
	</description>
	<files>
		<filename module="mod_simpleemailformcalendar">mod_simpleemailformcalendar.php</filename>
		<filename>helper.php</filename>
		<filename>index.html</filename>
		<filename>FreeSansBold.ttf</filename>
		<filename>Image.php</filename>
		<filename>Text.php</filename>
		<filename>CAPTCHA.php</filename>
		<filename>Password.php</filename>
		<filename>PEAR.php</filename>
		<filename>PEAR5.php</filename>
		<filename>tmpl/default.php</filename>
        <filename>tmpl/index.html</filename>
        <filename>css/daterangepicker.css</filename>
        <filename>css/index.html</filename>
        <filename>js/moment.min.js</filename>
        <filename>js/jquery.daterangepicker.js</filename>
        <filename>js/index.html</filename>
		<filename>language_files/en-GB.mod_simpleemailformcalendar.ini</filename>
		<filename>language_files/it-IT.mod_simpleemailformcalendar.ini</filename>
	</files>
	<config>
		<fields name="params">
			<fieldset name="basic">
                <field name="mod_simpleemailform_defaultLang" type="list" default="en" label="Default Language" description="Choose the default language" >
					<option value="en-GB">English</option>
					<option value="af-ZA">Afrikaans</option>
					<option value="ar-SA">Arabic</option>
					<option value="bg-BG">български (Bulgarian)</option>
					<option value="cs-CZ">česky</option>
					<option value="zh-ZH">中文 (Chinese)</option>
					<option value="dk-DK">Dansk</option>
					<option value="de-DE">Deutsch</option>
					<option value="el-GR">Ελληνικά (Greek)</option>
					<option value="es-ES">Español</option>
					<option value="et-EE">Eesti</option>
					<option value="fi-FI">Finnish</option>
					<option value="fr-FR">Français</option>
					<option value="he-IL">Hebrew</option>
					<option value="it-IT">Italiano</option>
					<option value="lv-LV">Latvian</option>
					<option value="nl-NL">Nederlandse</option>
					<option value="hu-HU">Magyar</option>
					<option value="pl-PL">Polski</option>
					<option value="pt-BR">Português (Brazil)</option>
					<option value="ru-RU">русский (Russian)</option>
					<option value="se-SE">Svenska</option>
					<option value="sk-SK">Slovak</option>
					<option value="th-TH">ไทย (Thai)</option>
					<option value="tr-TR">Türkçe (Turkish)</option>
					<option value="vi-VN">Việt (Vietnamese)</option>
				</field>
                <field name="mod_simpleemailform_emailTo"      type="text" size="40" default=""  label="Send Results To" description="Send results to this email address.   If more than one, separate with commas or spaces." />
                <field name="mod_simpleemailform_labelAlign"   type="radio" 		 default="L" label="Label Alignment" description="Choose to have the labels aligned LEFT,RIGHT, or CENTER" >
					<option value="L">Left</option>
					<option value="R">Right</option>
					<option value="C">Center</option>
				</field>
                 <field name="mod_simpleemailform_field1active" type="radio"          default="R"       label="Activate Field 1" description="Select 'Y' if you want to activate field 1 and 'R' to activate and make it required. Enter 'H' to make the field hidden (appears in email automatically)" >
					<option value="Y">JYES</option>
					<option value="N">JNO</option>
					<option value="R">Required</option>
					<option value="H">Hidden</option>
				</field>
                <field name="mod_simpleemailform_field1label"  type="text" size="40" default="From"  	label="Label for Field 1" description="The label for the 1st optional field which will appear in your email form" />
				<field name="mod_simpleemailform_field1value"  type="text" size="40" default=""  		label="Default Value for Field 1" description="Enter the default value for this field, or hit the spacebar for no default. If this field is a drop-down select, radio button, or checkbox field, enter options separated by commas as follows: return1=visible1,return2=visible2 (where 'returnX' = value returned when selected and 'visibleX' = what is visible onscreen. If this field remains as the 'From' field, the value entered here will be used if email checking is disabled or if there is no email address supplied by the website visitor." />
                <field name="mod_simpleemailform_field1size"   type="text" size="4"  default="40" 		label="Display Size of Field 1" description="The size of the 1st optional field which will appear in your email form.  If textarea, enter value as n,n (rows,cols).  If field is Radio / Checkbox size is width in pixels.  Set to 0 to suppress this width, which allows the CSS class to determine appearance." />
                <field name="mod_simpleemailform_field1maxx"   type="text" size="4"  default="255" 		label="Maximum Length of Field 1" description="The maximum number of characters allowed in this field" />
				<field name="mod_simpleemailform_field1from"   type="list"           default="F" 		label="Field Type" description="Select 'From' if you want this field to be the 'From' text field, 'Subject' if you want this to be the subject text field, 'Normal' for a normal text field, 'Textarea' for a textarea (i.e. a box), 'Drop' for a drop-down select box, 'Radio' for radio buttons, and 'Check' for check boxes." >
					<option value="F">From</option>
					<option value="S">Subject</option>
					<option value="N">Normal</option>
					<option value="A">Textarea</option>
					<option value="D">Drop</option>
					<option value="R">Radio</option>
					<option value="C">Checkbox</option>
					<option value="Y">Calendar</option>
				</field>
                <field name="mod_simpleemailform_field1ckRfmt" type="radio"  		 default="C"  		label="Field 1 Format" description="If field is radio buttons or checkboxes, enter the Format.  Horizontal format is table/row/col/col/col; Vertical format is table/row/col/col/row/col/col. Use CSS (default) assumes you will use CSS." >
					<option value="H">Horizontal</option>
					<option value="V">Vertical</option>
					<option value="C">Use CSS</option>
				</field>
                <field name="mod_simpleemailform_field1ckRpos" type="radio"          default="B" 		label="Field 1 Before/After" description="If field is radio buttons or checkboxes, is label Before or After?" >
					<option value="B">Before</option>
					<option value="A">After</option>
				</field>
                <field name="mod_simpleemailform_field2active" type="radio"          default="R" 		label="Activate Field 2" description="Select 'Y' if you want to activate field 2 and 'R' to activate and make it required. Enter 'H' to make the field hidden (appears in email automatically)" >
					<option value="Y">JYES</option>
					<option value="N">JNO</option>
					<option value="R">Required</option>
					<option value="H">Hidden</option>
				</field>
                <field name="mod_simpleemailform_field2label"  type="text" size="40" default="Subject" 	label="Label for Field 2" description="The label for the 2nd optional field which will appear in your email form" />
				<field name="mod_simpleemailform_field2value"  type="text" size="40" default="Subject"  label="Default Value for Field 2" description="Enter the default value for this field, or hit the spacebar for no default. If this field is a drop-down select, radio button, or checkbox field, enter options separated by commas as follows: return1=visible1,return2=visible2 (where 'returnX' = value returned when selected and 'visibleX' = what is visible onscreen." />
                <field name="mod_simpleemailform_field2size"   type="text" size="4"  default="40" 		label="Display Size of Field 2" description="The size of the 2nd optional field which will appear in your email form.  If textarea, enter value as n,n (rows,cols).  If field is Radio / Checkbox size is width in pixels.  Set to 0 to suppress this width, which allows the CSS class to determine appearance." />
                <field name="mod_simpleemailform_field2maxx"   type="text" size="4"  default="255" 		label="Maximum Length of Field 2" description="The maximum number of characters allowed in this field" />
				<field name="mod_simpleemailform_field2from"   type="list"           default="S" 		label="Field Type" description="Select 'From' if you want this field to be the 'From' text field, 'Subject' if you want this to be the subject text field, 'Normal' for a normal text field, 'Textarea' for a textarea (i.e. a box), and 'Drop' for a drop-down select box." >
					<option value="F">From</option>
					<option value="S">Subject</option>
					<option value="N">Normal</option>
					<option value="A">Textarea</option>
					<option value="D">Drop</option>
					<option value="R">Radio</option>
					<option value="C">Checkbox</option>
					<option value="Y">Calendar</option>
				</field>
                <field name="mod_simpleemailform_field2ckRfmt" type="radio"  		 default="C"  		label="Field 2 Format" description="If field is radio buttons or checkboxes, enter the Format.  Horizontal format is table/row/col/col/col; Vertical format is table/row/col/col/row/col/col. Use CSS (default) assumes you will use CSS." >
					<option value="H">Horizontal</option>
					<option value="V">Vertical</option>
					<option value="C">Use CSS</option>
				</field>
                <field name="mod_simpleemailform_field2ckRpos" type="radio"          default="B" 		label="Field 2 Before/After" description="If field is radio buttons or checkboxes, is label Before or After?" >
					<option value="B">Before</option>
					<option value="A">After</option>
				</field>
                <field name="mod_simpleemailform_field3active" type="radio"          default="N" 		label="Activate Field 3" description="Select 'Y' if you want to activate field 3 and 'R' to activate and make it required. Enter 'H' to make the field hidden (appears in email automatically)" >
					<option value="Y">JYES</option>
					<option value="N">JNO</option>
					<option value="R">Required</option>
					<option value="H">Hidden</option>
				</field>
                <field name="mod_simpleemailform_field3label"  type="text" size="40" default="Field 3" 	label="Label for Field 3" description="The label for the 3rd optional field which will appear in your email form" />
				<field name="mod_simpleemailform_field3value"  type="text" size="40" default="Value 3"  label="Default Value for Field 3" description="Enter the default value for this field, or hit the spacebar for no default. If this field is a drop-down select, radio button, or checkbox field, enter options separated by commas as follows: return1=visible1,return2=visible2 (where 'returnX' = value returned when selected and 'visibleX' = what is visible onscreen." />
                <field name="mod_simpleemailform_field3size"   type="text" size="4"  default="40" 		label="Display Size of Field 3" description="The size of the 3rd optional field which will appear in your email form.  If textarea, enter value as n,n (rows,cols).  If field is Radio / Checkbox size is width in pixels.  Set to 0 to suppress this width, which allows the CSS class to determine appearance." />
                <field name="mod_simpleemailform_field3maxx"   type="text" size="4"  default="255" 		label="Maximum Length of Field 3" description="The maximum number of characters allowed in this field" />
				<field name="mod_simpleemailform_field3from"   type="list"           default="N" 		label="Field Type" description="Select 'From' if you want this field to be the 'From' text field, 'Subject' if you want this to be the subject text field, 'Normal' for a normal text field, 'Textarea' for a textarea (i.e. a box), and 'Drop' for a drop-down select box." >
					<option value="F">From</option>
					<option value="S">Subject</option>
					<option value="N">Normal</option>
					<option value="A">Textarea</option>
					<option value="D">Drop</option>
					<option value="R">Radio</option>
					<option value="C">Checkbox</option>
					<option value="Y">Calendar</option>
				</field>
                <field name="mod_simpleemailform_field3ckRfmt" type="radio"  		 default="C"  		label="Field 3 Format" description="If field is radio buttons or checkboxes, enter the Format.  Horizontal format is table/row/col/col/col; Vertical format is table/row/col/col/row/col/col. Use CSS (default) assumes you will use CSS." >
					<option value="H">Horizontal</option>
					<option value="V">Vertical</option>
					<option value="C">Use CSS</option>
				</field>
                <field name="mod_simpleemailform_field3ckRpos" type="radio"          default="B" 		label="Field 3 Before/After" description="If field is radio buttons or checkboxes, is label Before or After?" >
					<option value="B">Before</option>
					<option value="A">After</option>
				</field>
                <field name="mod_simpleemailform_field4active" type="radio"          default="N" 		label="Activate Field 4" description="Select 'Y' if you want to activate field 4 and 'R' to activate and make it required. Enter 'H' to make the field hidden (appears in email automatically)" >
					<option value="Y">JYES</option>
					<option value="N">JNO</option>
					<option value="R">Required</option>
					<option value="H">Hidden</option>
				</field>
                <field name="mod_simpleemailform_field4label"  type="text" size="40" default="Field 4" 	label="Label for Field 4" description="The label for the 4th optional field which will appear in your email form" />
				<field name="mod_simpleemailform_field4value"  type="text" size="40" default="Value 4"  label="Default Value for Field 4" description="Enter the default value for this field, or hit the spacebar for no default. If this field is a drop-down select, radio button, or checkbox field, enter options separated by commas as follows: return1=visible1,return2=visible2 (where 'returnX' = value returned when selected and 'visibleX' = what is visible onscreen." />
                <field name="mod_simpleemailform_field4size"   type="text" size="4"  default="40" 		label="Display Size of Field 4" description="The size of the 4th optional field which will appear in your email form.  If textarea, enter value as n,n (rows,cols).  If field is Radio / Checkbox size is width in pixels.  Set to 0 to suppress this width, which allows the CSS class to determine appearance." />
                <field name="mod_simpleemailform_field4maxx"   type="text" size="4"  default="255" 		label="Maximum Length of Field 4" description="The maximum number of characters allowed in this field" />
				<field name="mod_simpleemailform_field4from"   type="list"           default="N" 		label="Field Type" description="Select 'From' if you want this field to be the 'From' text field, 'Subject' if you want this to be the subject text field, 'Normal' for a normal text field, 'Textarea' for a textarea (i.e. a box), and 'Drop' for a drop-down select box." >
					<option value="F">From</option>
					<option value="S">Subject</option>
					<option value="N">Normal</option>
					<option value="A">Textarea</option>
					<option value="D">Drop</option>
					<option value="R">Radio</option>
					<option value="C">Checkbox</option>
					<option value="Y">Calendar</option>
				</field>
                <field name="mod_simpleemailform_field4ckRfmt" type="radio"  		 default="C"  		label="Field 4 Format" description="If field is radio buttons or checkboxes, enter the Format.  Horizontal format is table/row/col/col/col; Vertical format is table/row/col/col/row/col/col. Use CSS (default) assumes you will use CSS." >
					<option value="H">Horizontal</option>
					<option value="V">Vertical</option>
					<option value="C">Use CSS</option>
				</field>
                <field name="mod_simpleemailform_field4ckRpos" type="radio"          default="B" 		label="Field 4 Before/After" description="If field is radio buttons or checkboxes, is label Before or After?" >
					<option value="B">Before</option>
					<option value="A">After</option>
				</field>
                <field name="mod_simpleemailform_field5active" type="radio"          default="N" 		label="Activate Field 5" description="Select 'Y' if you want to activate field 5 and 'R' to activate and make it required. Enter 'H' to make the field hidden (appears in email automatically)" >
					<option value="Y">JYES</option>
					<option value="N">JNO</option>
					<option value="R">Required</option> 
					<option value="H">Hidden</option>
				</field>
                <field name="mod_simpleemailform_field5label"  type="text" size="40" default="Field 5" 	label="Label for Field 5" description="The label for the 5th optional field which will appear in your email form" />
				<field name="mod_simpleemailform_field5value"  type="text" size="40" default="Value 5"  label="Default Value for Field 5" description="Enter the default value for this field, or hit the spacebar for no default. If this field is a drop-down select, radio button, or checkbox field, enter options separated by commas as follows: return1=visible1,return2=visible2 (where 'returnX' = value returned when selected and 'visibleX' = what is visible onscreen." />
                <field name="mod_simpleemailform_field5size"   type="text" size="4"  default="40" 	 	label="Display Size of Field 5" description="The size of the 5th optional field which will appear in your email form.  If textarea, enter value as n,n (rows,cols).  If field is Radio / Checkbox size is width in pixels.  Set to 0 to suppress this width, which allows the CSS class to determine appearance." />
                <field name="mod_simpleemailform_field5maxx"   type="text" size="4"  default="255" 	 	label="Maximum Length of Field 5" description="The maximum number of characters allowed in this field" />
				<field name="mod_simpleemailform_field5from"   type="list"           default="N" 		label="Field Type" description="Select 'From' if you want this field to be the 'From' text field, 'Subject' if you want this to be the subject text field, 'Normal' for a normal text field, 'Textarea' for a textarea (i.e. a box), and 'Drop' for a drop-down select box." >
					<option value="F">From</option>
					<option value="S">Subject</option>
					<option value="N">Normal</option>
					<option value="A">Textarea</option>
					<option value="D">Drop</option>
					<option value="R">Radio</option>
					<option value="C">Checkbox</option>
					<option value="Y">Calendar</option>
				</field>
                <field name="mod_simpleemailform_field5ckRfmt" type="radio"  		 default="C"  		label="Field 5 Format" description="If field is radio buttons or checkboxes, enter the Format.  Horizontal format is table/row/col/col/col; Vertical format is table/row/col/col/row/col/col. Use CSS (default) assumes you will use CSS." >
					<option value="H">Horizontal</option>
					<option value="V">Vertical</option>
					<option value="C">Use CSS</option>
				</field>
                <field name="mod_simpleemailform_field5ckRpos" type="radio"          default="B" 		label="Field 5 Before/After" description="If field is radio buttons or checkboxes, is label Before or After?" >
					<option value="B">Before</option>
					<option value="A">After</option>
				</field>
                <field name="mod_simpleemailform_field6active" type="radio"          default="N" 		label="Activate Field 6" description="Select 'Y' if you want to activate Field 6 and 'R' to activate and make it required. Enter 'H' to make the field hidden (appears in email automatically)" >
					<option value="Y">JYES</option>
					<option value="N">JNO</option>
					<option value="R">Required</option> 
					<option value="H">Hidden</option>
				</field>
                <field name="mod_simpleemailform_field6label"  type="text" size="40" default="Field 6" 	label="Label for Field 6" description="The label for the 5th optional field which will appear in your email form" />
				<field name="mod_simpleemailform_field6value"  type="text" size="40" default="Value 6"  label="Default Value for Field 6" description="Enter the default value for this field, or hit the spacebar for no default. If this field is a drop-down select, radio button, or checkbox field, enter options separated by commas as follows: return1=visible1,return2=visible2 (where 'returnX' = value returned when selected and 'visibleX' = what is visible onscreen." />
                <field name="mod_simpleemailform_field6size"   type="text" size="4"  default="40" 	 	label="Display Size of Field 6" description="The size of the 5th optional field which will appear in your email form.  If textarea, enter value as n,n (rows,cols).  If field is Radio / Checkbox size is width in pixels.  Set to 0 to suppress this width, which allows the CSS class to determine appearance." />
                <field name="mod_simpleemailform_field6maxx"   type="text" size="4"  default="255" 	 	label="Maximum Length of Field 6" description="The maximum number of characters allowed in this field" />
				<field name="mod_simpleemailform_field6from"   type="list"           default="N" 		label="Field Type" description="Select 'From' if you want this field to be the 'From' text field, 'Subject' if you want this to be the subject text field, 'Normal' for a normal text field, 'Textarea' for a textarea (i.e. a box), and 'Drop' for a drop-down select box." >
					<option value="F">From</option>
					<option value="S">Subject</option>
					<option value="N">Normal</option>
					<option value="A">Textarea</option>
					<option value="D">Drop</option>
					<option value="R">Radio</option>
					<option value="C">Checkbox</option>
					<option value="Y">Calendar</option>
				</field>
                <field name="mod_simpleemailform_field6ckRfmt" type="radio"  		 default="C"  		label="Field 6 Format" description="If field is radio buttons or checkboxes, enter the Format.  Horizontal format is table/row/col/col/col; Vertical format is table/row/col/col/row/col/col. Use CSS (default) assumes you will use CSS." >
					<option value="H">Horizontal</option>
					<option value="V">Vertical</option>
					<option value="C">Use CSS</option>
				</field>
                <field name="mod_simpleemailform_field6ckRpos" type="radio"          default="B" 		label="Field 6 Before/After" description="If field is radio buttons or checkboxes, is label Before or After?" >
					<option value="B">Before</option>
					<option value="A">After</option>
				</field>
                <field name="mod_simpleemailform_field7active" type="radio"          default="N" 		label="Activate Field 7" description="Select 'Y' if you want to activate Field 7 and 'R' to activate and make it required. Enter 'H' to make the field hidden (appears in email automatically)" >
					<option value="Y">JYES</option>
					<option value="N">JNO</option>
					<option value="R">Required</option> 
					<option value="H">Hidden</option>
				</field>
                <field name="mod_simpleemailform_field7label"  type="text" size="40" default="Field 7" 	label="Label for Field 7" description="The label for the 5th optional field which will appear in your email form" />
				<field name="mod_simpleemailform_field7value"  type="text" size="40" default="Value 7"  label="Default Value for Field 7" description="Enter the default value for this field, or hit the spacebar for no default. If this field is a drop-down select, radio button, or checkbox field, enter options separated by commas as follows: return1=visible1,return2=visible2 (where 'returnX' = value returned when selected and 'visibleX' = what is visible onscreen." />
                <field name="mod_simpleemailform_field7size"   type="text" size="4"  default="40" 	 	label="Display Size of Field 7" description="The size of the 5th optional field which will appear in your email form.  If textarea, enter value as n,n (rows,cols).  If field is Radio / Checkbox size is width in pixels.  Set to 0 to suppress this width, which allows the CSS class to determine appearance." />
                <field name="mod_simpleemailform_field7maxx"   type="text" size="4"  default="255" 	 	label="Maximum Length of Field 7" description="The maximum number of characters allowed in this field" />
				<field name="mod_simpleemailform_field7from"   type="list"           default="N" 		label="Field Type" description="Select 'From' if you want this field to be the 'From' text field, 'Subject' if you want this to be the subject text field, 'Normal' for a normal text field, 'Textarea' for a textarea (i.e. a box), and 'Drop' for a drop-down select box." >
					<option value="F">From</option>
					<option value="S">Subject</option>
					<option value="N">Normal</option>
					<option value="A">Textarea</option>
					<option value="D">Drop</option>
					<option value="R">Radio</option>
					<option value="C">Checkbox</option>
					<option value="Y">Calendar</option>
				</field>
                <field name="mod_simpleemailform_field7ckRfmt" type="radio"  		 default="C"  		label="Field 7 Format" description="If field is radio buttons or checkboxes, choose the Format.  Horizontal format is table/row/col/col/col; Vertical format is table/row/col/col/row/col/col. Use CSS (default) assumes you will use CSS." >
					<option value="H">Horizontal</option>
					<option value="V">Vertical</option>
					<option value="C">Use CSS</option>
				</field>
                <field name="mod_simpleemailform_field7ckRpos" type="radio"          default="B" 		label="Field 7 Before/After" description="If field is radio buttons or checkboxes, is label Before or After?" >
					<option value="B">Before</option>
					<option value="A">After</option>
				</field>
                <field name="mod_simpleemailform_field8active" type="radio"          default="N" 		label="Activate Field 8" description="Select 'Y' if you want to activate Field 8 and 'R' to activate and make it required. Enter 'H' to make the field hidden (appears in email automatically)" >
					<option value="Y">JYES</option>
					<option value="N">JNO</option>
					<option value="R">Required</option> 
					<option value="H">Hidden</option>
				</field>
                <field name="mod_simpleemailform_field8label"  type="text" size="40" default="Field 8" 	label="Label for Field 8" description="The label for the 5th optional field which will appear in your email form" />
				<field name="mod_simpleemailform_field8value"  type="text" size="40" default="Value 8"  label="Default Value for Field 8" description="Enter the default value for this field, or hit the spacebar for no default. If this field is a drop-down select, radio button, or checkbox field, enter options separated by commas as follows: return1=visible1,return2=visible2 (where 'returnX' = value returned when selected and 'visibleX' = what is visible onscreen." />
                <field name="mod_simpleemailform_field8size"   type="text" size="4"  default="40" 	 	label="Display Size of Field 8" description="The size of the 5th optional field which will appear in your email form.  If textarea, enter value as n,n (rows,cols).  If field is Radio / Checkbox size is width in pixels.  Set to 0 to suppress this width, which allows the CSS class to determine appearance." />
                <field name="mod_simpleemailform_field8maxx"   type="text" size="4"  default="255" 	 	label="Maximum Length of Field 8" description="The maximum number of characters allowed in this field" />
				<field name="mod_simpleemailform_field8from"   type="list"           default="N" 		label="Field Type" description="Select 'From' if you want this field to be the 'From' text field, 'Subject' if you want this to be the subject text field, 'Normal' for a normal text field, 'Textarea' for a textarea (i.e. a box), and 'Drop' for a drop-down select box." >
					<option value="F">From</option>
					<option value="S">Subject</option>
					<option value="N">Normal</option>
					<option value="A">Textarea</option>
					<option value="D">Drop</option>
					<option value="R">Radio</option>
					<option value="C">Checkbox</option>
					<option value="Y">Calendar</option>
				</field>
                <field name="mod_simpleemailform_field8ckRfmt" type="radio"  		 default="C"  		label="Field 8 Format" description="If field is radio buttons or checkboxes, enter the Format.  Horizontal format is table/row/col/col/col; Vertical format is table/row/col/col/row/col/col. Use CSS (default) assumes you will use CSS." >
					<option value="H">Horizontal</option>
					<option value="V">Vertical</option>
					<option value="C">Use CSS</option>
				</field>
                <field name="mod_simpleemailform_field8ckRpos" type="radio"          default="B" 		label="Field 8 Before/After" description="If field is radio buttons or checkboxes, is label Before or After?" >
					<option value="B">Before</option>
					<option value="A">After</option>
				</field>
            <field name="mod_simpleemailform_field9active" type="radio"          default="N" 		label="Activate Field 8" description="Select 'Y' if you want to activate Field 8 and 'R' to activate and make it required. Enter 'H' to make the field hidden (appears in email automatically)" >
					<option value="Y">JYES</option>
					<option value="N">JNO</option>
					<option value="R">Required</option> 
					<option value="H">Hidden</option>
				</field>
                <field name="mod_simpleemailform_field9label"  type="text" size="40" default="Field 8" 	label="Label for Field 8" description="The label for the 5th optional field which will appear in your email form" />
				<field name="mod_simpleemailform_field9value"  type="text" size="40" default="Value 8"  label="Default Value for Field 8" description="Enter the default value for this field, or hit the spacebar for no default. If this field is a drop-down select, radio button, or checkbox field, enter options separated by commas as follows: return1=visible1,return2=visible2 (where 'returnX' = value returned when selected and 'visibleX' = what is visible onscreen." />
                <field name="mod_simpleemailform_field9size"   type="text" size="4"  default="40" 	 	label="Display Size of Field 8" description="The size of the 5th optional field which will appear in your email form.  If textarea, enter value as n,n (rows,cols).  If field is Radio / Checkbox size is width in pixels.  Set to 0 to suppress this width, which allows the CSS class to determine appearance." />
                <field name="mod_simpleemailform_field9maxx"   type="text" size="4"  default="255" 	 	label="Maximum Length of Field 8" description="The maximum number of characters allowed in this field" />
				<field name="mod_simpleemailform_field9from"   type="list"           default="N" 		label="Field Type" description="Select 'From' if you want this field to be the 'From' text field, 'Subject' if you want this to be the subject text field, 'Normal' for a normal text field, 'Textarea' for a textarea (i.e. a box), and 'Drop' for a drop-down select box." >
					<option value="F">From</option>
					<option value="S">Subject</option>
					<option value="N">Normal</option>
					<option value="A">Textarea</option>
					<option value="D">Drop</option>
					<option value="R">Radio</option>
					<option value="C">Checkbox</option>
					<option value="Y">Calendar</option>
				</field>
                <field name="mod_simpleemailform_field9ckRfmt" type="radio"  		 default="C"  		label="Field 8 Format" description="If field is radio buttons or checkboxes, enter the Format.  Horizontal format is table/row/col/col/col; Vertical format is table/row/col/col/row/col/col. Use CSS (default) assumes you will use CSS." >
					<option value="H">Horizontal</option>
					<option value="V">Vertical</option>
					<option value="C">Use CSS</option>
				</field>
                <field name="mod_simpleemailform_field9ckRpos" type="radio"          default="B" 		label="Field 8 Before/After" description="If field is radio buttons or checkboxes, is label Before or After?" >
					<option value="B">Before</option>
					<option value="A">After</option>
				</field>
            <field name="mod_simpleemailform_field10active" type="radio"          default="N" 		label="Activate Field 8" description="Select 'Y' if you want to activate Field 8 and 'R' to activate and make it required. Enter 'H' to make the field hidden (appears in email automatically)" >
					<option value="Y">JYES</option>
					<option value="N">JNO</option>
					<option value="R">Required</option> 
					<option value="H">Hidden</option>
				</field>
                <field name="mod_simpleemailform_field10label"  type="text" size="40" default="Field 8" 	label="Label for Field 8" description="The label for the 5th optional field which will appear in your email form" />
				<field name="mod_simpleemailform_field10value"  type="text" size="40" default="Value 8"  label="Default Value for Field 8" description="Enter the default value for this field, or hit the spacebar for no default. If this field is a drop-down select, radio button, or checkbox field, enter options separated by commas as follows: return1=visible1,return2=visible2 (where 'returnX' = value returned when selected and 'visibleX' = what is visible onscreen." />
                <field name="mod_simpleemailform_field10size"   type="text" size="4"  default="40" 	 	label="Display Size of Field 8" description="The size of the 5th optional field which will appear in your email form.  If textarea, enter value as n,n (rows,cols).  If field is Radio / Checkbox size is width in pixels.  Set to 0 to suppress this width, which allows the CSS class to determine appearance." />
                <field name="mod_simpleemailform_field10maxx"   type="text" size="4"  default="255" 	 	label="Maximum Length of Field 8" description="The maximum number of characters allowed in this field" />
				<field name="mod_simpleemailform_field10from"   type="list"           default="N" 		label="Field Type" description="Select 'From' if you want this field to be the 'From' text field, 'Subject' if you want this to be the subject text field, 'Normal' for a normal text field, 'Textarea' for a textarea (i.e. a box), and 'Drop' for a drop-down select box." >
					<option value="F">From</option>
					<option value="S">Subject</option>
					<option value="N">Normal</option>
					<option value="A">Textarea</option>
					<option value="D">Drop</option>
					<option value="R">Radio</option>
					<option value="C">Checkbox</option>
					<option value="Y">Calendar</option>
				</field>
                <field name="mod_simpleemailform_field10ckRfmt" type="radio"  		 default="C"  		label="Field 8 Format" description="If field is radio buttons or checkboxes, enter the Format.  Horizontal format is table/row/col/col/col; Vertical format is table/row/col/col/row/col/col. Use CSS (default) assumes you will use CSS." >
					<option value="H">Horizontal</option>
					<option value="V">Vertical</option>
					<option value="C">Use CSS</option>
				</field>
                <field name="mod_simpleemailform_field10ckRpos" type="radio"          default="B" 		label="Field 8 Before/After" description="If field is radio buttons or checkboxes, is label Before or After?" >
					<option value="B">Before</option>
					<option value="A">After</option>
				</field>
            
			</fieldset>
			<fieldset name="advanced">
				<field name="cache" type="list" default="0" label="COM_MODULES_FIELD_CACHING_LABEL" description="COM_MODULES_FIELD_CACHING_DESC">
					<option value="1">JGLOBAL_USE_GLOBAL</option>
					<option value="0">COM_MODULES_FIELD_VALUE_NOCACHING</option>
				</field>
                <field name="mod_simpleemailform_instance"      type="text" size="4"  default="1" label="Form Instance" description="Set this field to a unique number if using more than one Simple Email Form on one page." />
                <field name="mod_simpleemailform_emailCC"       type="text" size="40" default=""  label="Send Results CC" description="Send a CC email of results to this email address.   If more than one, separate with commas or spaces." />
                <field name="mod_simpleemailform_emailBCC"      type="text" size="40" default=""  label="Send Results BCC" description="Send a BCC email of results to this email address.   If more than one, separate with commas or spaces." />
				<field name="mod_simpleemailform_emailReplyTo"  type="text" size="40" default=""  label="Reply To this address" description="Direct replies to this email address." />
				<field name="mod_simpleemailform_replytoActive" type="radio"	      default="N" label="Activate Reply To" description="Select 'Y' if you want a 'Reply-To' field to appear when the email sent." >
					<option value="Y">JYES</option>
					<option value="N">JNO</option>
				</field>
                <field name="mod_simpleemailform_autoreset"    type="radio"          default="N" 		label="Auto Reset Fields" description="Select 'Y' if you want all form fields to be automatically reset (cleared) after successful form submission" >
					<option value="Y">JYES</option>
					<option value="N">JNO</option>
				</field>
                <field name="mod_simpleemailform_cssClass"     type="text" size="20" default="mod_sef"  label="Name of CSS Class" description="Enter the name of a CSS class to use with the form.  Creates xxx_table, xxx_row, xxx_th, xxx_td classes and xxx_input inside form where xxx = your CSS class.  Default is 'mod_sef'." />
                <field name="mod_simpleemailform_col2space"    type="text" size="4"  default="5" label="Space After Labels" description="Enter the amount of space between the label and the input field in pixels" />
                <field name="mod_simpleemailform_redirectURL"  type="text" size="20" default=""  label="Redirect URL" description="Enter the URL you wish to redirect to after successful form submission.  NOTE: leave blank to NOT redirect!" />
                <field name="mod_simpleemailform_useCaptcha"   type="radio"          default="N" label="Use Captcha" description="To use a 'Captcha' to foil spammers, select 'I' for an image captcha (requires additional configuration), or 'T' for a text captcha." >
					<option value="N">No Captcha</option>
					<option value="I">Image Captcha</option>
					<option value="T">Text Captcha</option>
				</field>
                <field name="mod_simpleemailform_captchaDir"   		type="text" size="60" default=""        label="Directory to Write Captchas" description="Enter the absolute directory path where the module can write 'captchas' (i.e. /var/www/application/images" />
                <field name="mod_simpleemailform_captchaURL"   		type="text" size="60" default=""        label="URL for Captcha Directory" description="Enter a URL which corresponds with the Captcha Directory (above)" />
                <field name="mod_simpleemailform_captchaLen"   		type="text" size="4"  default="8"       label="Captcha Word Lengh" description="Enter the desired Captcha word length (number of characters)" />
                <field name="mod_simpleemailform_captchaSize"  		type="text" size="4"  default="24"      label="Captcha Font Size" description="Enter the desired Captcha font size" />
                <field name="mod_simpleemailform_captchaWidth"  	type="text" size="4"  default="200"     label="Captcha Width" description="Enter the desired Captcha width in pixels" />
                <field name="mod_simpleemailform_captchaHeight"  	type="text" size="4"  default="80"      label="Captcha Height" description="Enter the desired Captcha height in pixels" />
                <field name="mod_simpleemailform_captchaTxtColor"  	type="text" size="8"  default="#000000" label="Captcha Text Color" description="Enter the desired Captcha text color" />
                <field name="mod_simpleemailform_captchaLinesColor" type="text" size="8"  default="#FFFF00" label="Captcha Lines Color" description="Enter the desired Captcha lines color" />
                <field name="mod_simpleemailform_captchaBgColor"  	type="text" size="8"  default="#BFBFBF" label="Captcha Background Color" description="Enter the desired Captcha background color" />
                <field name="mod_simpleemailform_errorTxtColor"  	type="text" size="8"  default="red"     label="Error Text Color" description="Enter the desired HTML text color for errors" />
                <field name="mod_simpleemailform_successTxtColor"  	type="text" size="8"  default="green"   label="Success Text Color" description="Enter the desired HTML text color for success" />                
				<field name="mod_simpleemailform_anchor"  			type="text" size="8"  default="#"   	label="Name of Anchor Tag" description="Enter the name of any anchor tags associated with the form" />
                <field name="mod_simpleemailform_uploadActive"      type="text"	size="4"  default="0"       label="Number of Upload Fields" description="Enter a number greater than 0 which represents how many file upload fields you want to have for email attachments" />
                <field name="mod_simpleemailform_uploadLabel" 		type="text" size="20" default="Attachment"     	label="Upload Field Label" description="Enter a label for the file upload fields (if any)." />
                <field name="mod_simpleemailform_uploadAllowed" 	type="text" size="20" default=""             	label="Allowed Attachment Filenames" description="Enter a list of allowed filename extensions separated by commas.  Example: if you want jpg,png, or gif, then enter 'jpg,png,gif'.  Leave blank to allow ANY type of file." />
                <field name="mod_simpleemailform_emailFile"    		type="text" size="60" default=""          		label="Directory to Save Attachments" description="Enter the absolute directory path for email attachment files" />
                <field name="mod_simpleemailform_copymeLabel" 		type="text" size="40" default="Send me a copy"	label="Send Me A Copy Field Label" description="The label for the Send Me A Copy Field" />
                <field name="mod_simpleemailform_copymeActive" 		type="radio"		  default="N"         		label="Send Me A Copy Field" description="Select 'Y' if you want to activate a field which lets users send a copy to themselves" >
					<option value="Y">JYES</option>
					<option value="N">JNO</option>
				</field>
                <field name="mod_simpleemailform_copymeAuto"  	type="radio"	      default="N" 			label="Send User a Copy Automatically" description="Select 'Y' if you want to send a copy to users automatically" >
					<option value="Y">JYES</option>
					<option value="N">JNO</option>
				</field>
				<field name="mod_simpleemailform_emailCheck"	type="radio"	      default="Y" 			label="Email Check" description="Select 'Y' if you want to check the 'From' email address.  Set to 'N' to disable this check.  If email check is disabled, the 'From' field will automatically take its value from what you entered as a default value for the 'From' field." >
					<option value="Y">JYES</option>
					<option value="N">JNO</option>
				</field>
				<field name="mod_simpleemailform_addTitle"		type="radio"	      default="N" 			label="Include Article Title" description="Select 'Y' if you want to include the Joomla article title in a hidden field, automatically added to the email." >
					<option value="Y">JYES</option>
					<option value="N">JNO</option>
				</field>
				<field name="mod_simpleemailform_testMode"  	type="radio"	      default="N" 			label="Test Mode" description="Select 'Y' if you want to use the module in test mode.  Set to 'N' when done testing!" >
					<option value="Y">JYES</option>
					<option value="N">JNO</option>
				</field>
			</fieldset>
		</fields>
	</config>
</extension>
